{
  "w1": 0.0017254180124534667,
  "w2": 0.0197789109877698,
  "w3": 0.9784956709997769
}